-- phpMyAdmin SQL Dump
-- version 5.2.1
-- https://www.phpmyadmin.net/
--
-- Host: 127.0.0.1:3306
-- Generation Time: Apr 02, 2024 at 11:40 AM
-- Server version: 8.2.0
-- PHP Version: 8.2.13

SET SQL_MODE = "NO_AUTO_VALUE_ON_ZERO";
START TRANSACTION;
SET time_zone = "+00:00";


/*!40101 SET @OLD_CHARACTER_SET_CLIENT=@@CHARACTER_SET_CLIENT */;
/*!40101 SET @OLD_CHARACTER_SET_RESULTS=@@CHARACTER_SET_RESULTS */;
/*!40101 SET @OLD_COLLATION_CONNECTION=@@COLLATION_CONNECTION */;
/*!40101 SET NAMES utf8mb4 */;

--
-- Database: `zarandah_m_portfolio`
--

-- --------------------------------------------------------

--
-- Table structure for table `contacts`
--

DROP TABLE IF EXISTS `contacts`;
CREATE TABLE IF NOT EXISTS `contacts` (
  `id` int NOT NULL AUTO_INCREMENT,
  `fname` varchar(255) NOT NULL,
  `lname` varchar(255) DEFAULT NULL,
  `phone_number` varchar(20) DEFAULT NULL,
  `email` varchar(255) NOT NULL,
  `message` text NOT NULL,
  `created_at` timestamp NULL DEFAULT CURRENT_TIMESTAMP,
  PRIMARY KEY (`id`)
) ENGINE=MyISAM AUTO_INCREMENT=9 DEFAULT CHARSET=utf8mb4 COLLATE=utf8mb4_unicode_ci;

--
-- Dumping data for table `contacts`
--

INSERT INTO `contacts` (`id`, `fname`, `lname`, `phone_number`, `email`, `message`, `created_at`) VALUES
(1, 'moha', NULL, NULL, 'mohamed@gmail.com', 'hello', '2024-02-26 10:59:42'),
(2, 'moha', NULL, NULL, 'mohamed@gmail.com', 'hello', '2024-02-26 11:01:38'),
(3, 'moha', NULL, NULL, 'mohamed@gmail.com', 'hello', '2024-02-26 11:03:36'),
(4, 'moha', NULL, NULL, 'mohamed@gmail.com', 'hello', '2024-02-26 11:03:53'),
(5, 'moha', NULL, NULL, 'mohamed@gmail.com', 'hello', '2024-02-26 11:04:05'),
(6, 'moha', NULL, NULL, 'mohamed@gmail.com', 'hello', '2024-02-26 11:04:13'),
(7, 'moha', NULL, NULL, 'mohamed@gmail.com', 'hello', '2024-02-26 11:04:29'),
(8, 'moha', NULL, NULL, 'mohamed@gmail.com', 'hello', '2024-02-26 11:07:32');

-- --------------------------------------------------------

--
-- Table structure for table `media`
--

DROP TABLE IF EXISTS `media`;
CREATE TABLE IF NOT EXISTS `media` (
  `id` int NOT NULL AUTO_INCREMENT,
  `project_id` int NOT NULL,
  `image_filename` varchar(255) CHARACTER SET utf8mb4 COLLATE utf8mb4_unicode_ci NOT NULL,
  PRIMARY KEY (`id`)
) ENGINE=MyISAM AUTO_INCREMENT=21 DEFAULT CHARSET=utf8mb4 COLLATE=utf8mb4_unicode_ci;

--
-- Dumping data for table `media`
--

INSERT INTO `media` (`id`, `project_id`, `image_filename`) VALUES
(1, 1, 'kavorka-ss.jpg'),
(2, 2, 'renders5.jpg'),
(3, 3, 'quatro-brand.jpg'),
(4, 4, 'bootcamp-ss1.jpg'),
(5, 4, 'bootcamp-ss2.jpg'),
(6, 5, 'event-simplified-ss1.jpg'),
(7, 5, 'event-simplified-ss2.jpg'),
(8, 6, 'foundation-sixty6-ss1.jpg'),
(9, 6, 'foundation-sixty6-ss2.jpg'),
(10, 7, 'fundraising-campaign-ss1.jpg'),
(11, 7, 'fundraising-campaign-ss2.jpg'),
(12, 8, 'fragments-ss1.jpg'),
(13, 8, 'fragments-ss2.jpg'),
(14, 9, 'manga-api-ss1.jpg'),
(15, 10, 'mothersun-ss1.jpg'),
(16, 10, 'mothersun-ss2.jpg'),
(17, 11, 'csl-ss1.jpg'),
(18, 11, 'csl-ss2.jpg'),
(19, 12, 'starwars-ss1.jpg'),
(20, 12, 'starwars-ss2.jpg');

-- --------------------------------------------------------

--
-- Table structure for table `personal_info`
--

DROP TABLE IF EXISTS `personal_info`;
CREATE TABLE IF NOT EXISTS `personal_info` (
  `ID` int NOT NULL AUTO_INCREMENT,
  `NAME` varchar(255) CHARACTER SET utf8mb4 COLLATE utf8mb4_unicode_ci NOT NULL,
  `TITLE` varchar(255) CHARACTER SET utf8mb4 COLLATE utf8mb4_unicode_ci NOT NULL,
  `EMAIL` varchar(255) CHARACTER SET utf8mb4 COLLATE utf8mb4_unicode_ci NOT NULL,
  `PHONE` varchar(20) CHARACTER SET utf8mb4 COLLATE utf8mb4_unicode_ci NOT NULL,
  `WEBSITE` varchar(255) CHARACTER SET utf8mb4 COLLATE utf8mb4_unicode_ci NOT NULL,
  `LOCATION` varchar(255) CHARACTER SET utf8mb4 COLLATE utf8mb4_unicode_ci NOT NULL,
  `SUMMARY` text CHARACTER SET utf8mb4 COLLATE utf8mb4_unicode_ci NOT NULL,
  PRIMARY KEY (`ID`)
) ENGINE=MyISAM AUTO_INCREMENT=2 DEFAULT CHARSET=utf8mb4 COLLATE=utf8mb4_unicode_ci;

--
-- Dumping data for table `personal_info`
--

INSERT INTO `personal_info` (`ID`, `NAME`, `TITLE`, `EMAIL`, `PHONE`, `WEBSITE`, `LOCATION`, `SUMMARY`) VALUES
(1, 'Mohamed Zarandah', 'Welcome To My Portfolio Site', 'm_zarandah@fanshaweonline.ca', '(226) 503-6430', '', 'London ON, Canada', '');

-- --------------------------------------------------------

--
-- Table structure for table `projects`
--

DROP TABLE IF EXISTS `projects`;
CREATE TABLE IF NOT EXISTS `projects` (
  `id` int NOT NULL AUTO_INCREMENT,
  `title` varchar(40) CHARACTER SET utf8mb4 COLLATE utf8mb4_unicode_ci NOT NULL,
  `description` text CHARACTER SET utf8mb4 COLLATE utf8mb4_unicode_ci NOT NULL,
  `link` varchar(50) CHARACTER SET utf8mb4 COLLATE utf8mb4_unicode_ci NOT NULL,
  `image_url` varchar(255) CHARACTER SET utf8mb4 COLLATE utf8mb4_unicode_ci NOT NULL,
  `notnot_id` int NOT NULL,
  `reviews` text CHARACTER SET utf8mb4 COLLATE utf8mb4_unicode_ci NOT NULL,
  `highlights` text CHARACTER SET utf8mb4 COLLATE utf8mb4_unicode_ci NOT NULL,
  `about` text CHARACTER SET utf8mb4 COLLATE utf8mb4_unicode_ci NOT NULL,
  PRIMARY KEY (`id`)
) ENGINE=MyISAM AUTO_INCREMENT=13 DEFAULT CHARSET=utf8mb4 COLLATE=utf8mb4_unicode_ci;

--
-- Dumping data for table `projects`
--

INSERT INTO `projects` (`id`, `title`, `description`, `link`, `image_url`, `notnot_id`, `reviews`, `highlights`, `about`) VALUES
(1, 'PROJECT - KAVORKA', 'A makeup project introducing the brand with a twist of its Latin roots showcasing all its natural and traditional beauty.', '', 'kavorka-banner.png', 0, '\"Kavorka\'s products are a true reflection of elegance and quality. I love how they embrace Latin beauty traditions while offering modern choices. Highly recommended!\"\r\n\r\n- Maria, Makeup Enthusiast ', 'Indulge in our Signature Lipstick Collection inspired by vibrant Latin colors. Long-lasting formulas that glide on smoothly for a bold and beautiful look.\r\n\r\nSultry Eyeshadow Palette\r\n\r\nCreate captivating eye looks with our Sultry Eyeshadow Palette. A mix of rich, earthy tones to enhance your natural beauty.\r\n\r\nRadiance Foundation\r\n\r\nAchieve a radiant complexion with our Radiance Foundation. Lightweight formula that provides a natural and flawless finish.\r\n', 'Kavorka is a makeup brand that proudly showcases its Latin roots, celebrating natural and traditional beauty. Our products are crafted with care, blending modern elegance with the timeless charm of Latin beauty traditions.'),
(2, 'PROJECT - MHZ', 'An innovative earbuds website for MHZ. Bringing my personal vision to life.', '', 'mhz-banner.png', 0, '\"Simply put, these MHZ earbuds have elevated my music experience. Clear sound, comfortable fit – a game-changer for daily use!\"', 'Immersive Sound Experience: MHZ earbuds redefine audio excellence, delivering a truly immersive sound experience. Whether you\'re diving into your favorite beats or enjoying a podcast, the crisp highs and deep lows create a rich sonic landscape that enhances every listening moment. \r\n\r\n Sleek and Comfortable Design: The earbuds are not just about sound; they\'re a statement of style. With a sleek and ergonomic design, MHZ earbuds provide a comfortable and secure fit, ensuring they stay in place during your most active moments while adding a touch of modern sophistication. \r\n\r\n Intuitive Touch Controls: Enjoy seamless control at your fingertips. MHZ earbuds feature intuitive touch controls, allowing you to effortlessly manage playback, adjust volume, and answer calls with a simple touch. The convenience of these controls adds a layer of sophistication to your overall user experience.', 'Crafting an innovative earbuds website for MHZ has been a gratifying endeavor, allowing me to breathe life into my unique vision. From envisioning the user interface to implementing cutting-edge design elements, this project has been a canvas for my creativity and technical skills. The website stands as a testament to the fusion of my passion for technology and design, providing a platform to showcase MHZ\'s earbuds in a visually appealing and user-friendly manner. It\'s more than a website; it\'s the realization of my commitment to delivering an immersive and seamless online experience for users exploring the world of premium audio.'),
(3, 'PROJECT - QUATRO', 'A responsive website for the Quatro drinks brand. Changing an old juice brand to a modern beverage company with a twist.', '', 'quatro-banner.png', 0, '\"Quatro\'s beverage is a taste revolution! A burst of unique flavors that left me craving more. It\'s not just a drink; it\'s an experience. Quatro has redefined refreshment!\" - Emily M., Flavor Explorer', 'Diversification into Adult Beverages: Quatro has successfully transitioned from its roots as a kids\' juice company to a dynamic player in the adult beverage industry. This strategic move demonstrates their adaptability and responsiveness to changing consumer preferences.\r\n\r\nFocus on Seltzers: Quatro\'s core product lineup now centers around beverage seltzers. These effervescent and flavorful drinks cater to the discerning palate of adult consumers, offering a refreshing alternative in the competitive beverage market.\r\n\r\nContemporary Branding: The company\'s rebranding goes beyond just the products. Quatro has embraced a contemporary and sophisticated brand image, aligning with the aesthetics and preferences of their adult target audience. The new branding communicates a sense of style and maturity that resonates with today\'s consumers.', 'Quatro, a company with roots in delighting children with its vibrant and flavorful juices, has undergone a remarkable metamorphosis into a trailblazer in the adult beverage landscape. The brand\'s journey reflects a strategic pivot towards meeting the sophisticated tastes of grown-up consumers. From its origins as a cherished kids\' juice company, Quatro has redefined itself, placing a strong emphasis on crafting beverage seltzers that embody a perfect blend of innovation, quality, and maturity. With a contemporary rebranding that transcends mere aesthetics, Quatro has emerged as a symbol of elegance and taste in the adult beverage market. This evolution encapsulates not just a change in products but a visionary shift that positions Quatro as a dynamic force in the ever-evolving world of beverages.'),
(4, 'PROJECT - BOOTCAMP', 'The dedicated WebView project for Fanshawe College\'s Industry Night aims to bridge the gap between academic showcases and professional networking by creating a digital platform for students to present unique prototype designs.', '', 'bootcamp-banner.png', 0, '\"I recently had the pleasure of using the innovative digital platform developed for Fanshawe College\'s Industry Night, and I must say, it exceeded all my expectations!\" ', 'The core of the project would focus on showcasing unique prototype designs created by students across various disciplines within Fanshawe College. Each prototype would be presented in a dedicated digital space within the WebView, allowing visitors to explore the designs in detail through interactive features such as 3D models, video demonstrations, and live chats with the creators. This approach not only highlights the creativity and skills of Fanshawe\'s students but also provides them with a platform to receive immediate feedback from industry professionals.\r\n\r\nTo facilitate professional networking, the WebView project would incorporate features like virtual business card exchanges, scheduled one-on-one video meetings, and interactive panel discussions. These elements are designed to replicate and enhance the networking opportunities that are traditionally a key component of Industry Night events. By providing a dedicated space for these interactions, the project ensures that both students and professionals can make meaningful connections, discuss potential collaborations, and explore job opportunities in a more structured and engaging environment.\r\n\r\nThe success of this project would hinge on its ability to bridge the gap between academic achievements and industry needs. By providing a platform where innovative projects and talented individuals can be easily discovered by potential employers and collaborators, the WebView project could significantly impact the career trajectories of participating students. Moreover, it could serve as a model for other institutions looking to modernize their approach to industry-academic collaboration events.', '\r\nThe innovative digital platform for Fanshawe College\'s Industry Night is a cutting-edge solution designed to revolutionize the way academic achievements are showcased and how professional networking is facilitated. This platform is dedicated to providing students with an opportunity to present their unique prototype designs in an interactive and engaging manner, allowing for real-time feedback from industry professionals. It also features advanced networking tools, such as virtual business card exchanges and the ability to schedule one-on-one meetings, thereby enhancing the connectivity between emerging talent and industry leaders. Our platform aims to bridge the gap between academia and the professional world, fostering a vibrant community of innovation, collaboration, and opportunity.'),
(5, 'PROJECT - EVENT SIMPLIFIED', 'Design and implementing a business website for the company Event Simplified that outlines a color scheme and consistent design to catch people\'s attention and outline the value add of the company.', '', 'event-simplified-banner.png', 0, '\"After participating in the Event Simplified website design project, I am thoroughly impressed with the comprehensive learning experience it provided. From the outset, working directly with the founder offered invaluable insights into the company\'s vision, significantly influencing our design choices.\"', '\r\nCollaborating directly with the founder of Event Simplified offered me a unique opportunity to align my design strategies directly with the company\'s core values and goals. This direct line of insight ensured that every aspect of the website, from layout to user interaction, echoed the brand\'s vision, making the project not just a design task but a strategic initiative. Through this partnership, I learned to appreciate the nuances of translating a company\'s ethos into a digital experience, a skill that extends beyond the scope of this project and into the broader landscape of web design.\r\n\r\nThe foundation of my design process was built on comprehensive research into Event Simplified\'s target audience and competitive landscape, guiding my decisions from wireframes to the final design. This research ensured my designs were not only aesthetically pleasing but also functional and user-centric, meeting the specific needs and preferences of our intended users. By analyzing industry standards and competitor offerings, I was able to identify and implement best practices, setting a high bar for usability and engagement on the Event Simplified website.\r\n\r\nImplementing a consistent color scheme and cohesive design elements across the Event Simplified website was crucial in establishing a strong and recognizable brand identity. Additionally, my focus on responsive design ensured that the site was accessible and provided a seamless experience on any device, from desktops to smartphones. This approach not only enhanced the visual appeal of the site but also its usability and accessibility, demonstrating my commitment to creating a web presence that serves as a dynamic tool for engagement and interaction with Event Simplified\'s diverse audience.', 'Heres an about for the company Event Simplified:\r\n\r\nEvent Simplified is a forward-thinking digital platform designed to transform the event planning and management landscape. At its core, Event Simplified is about more than just streamlining the logistical aspects of organizing events; it\'s about enhancing the overall experience for organizers, attendees, and vendors alike. Founded on the principle that exceptional events should be accessible and stress-free, we leverage the latest in technology and design to create a user-friendly, comprehensive solution for all event-related needs.\r\n\r\nOur mission is to empower event planners with intuitive tools that cover every aspect of event management — from initial planning stages to real-time coordination and post-event feedback. Event Simplified is built on the foundation of innovation, ease of use, and connectivity, aiming to bring people together in meaningful ways. Whether it\'s a corporate conference, a charity gala, or a private celebration, our platform is tailored to meet the unique needs of each event, ensuring a memorable and seamless experience for everyone involved.\r\n\r\nBehind Event Simplified is a team of passionate professionals with backgrounds in event management, technology, and customer service. We\'re committed to pushing the boundaries of what\'s possible in the event industry, continually updating and expanding our platform to address the evolving needs of our users. Our vision is to become the go-to resource for event planners worldwide, known for our reliability, innovation, and dedication to excellence. With Event Simplified, every event is an opportunity to create unforgettable moments and lasting connections.'),
(6, 'PROJECT - FOUNDATION SIXTY6', 'A client based website made for Foundationsixty6 showcasing the effects of three mental health challenges.', '', 'foundation-sixty6-banner.png', 0, '\"I stumbled upon Foundation Sixty 6\'s website during a time when I was seeking resources for mental health challenges, and I must say, it was a beacon of hope.\"', 'Foundation Sixty 6\'s website stands as a pivotal resource for those navigating mental health challenges, offering a well-designed platform that\'s both intuitive and rich with support systems and motivational content. It fosters a strong sense of community, providing a space where individuals can share experiences and find inspiration. The site\'s focus on accessibility and user-friendliness ensures that help and information are easily available to those in need. Through its commitment to destigmatizing mental health issues and offering tangible support, Foundation Sixty 6 is making a meaningful impact in the lives of many.\r\n\r\nBeyond its immediate resources, Foundation Sixty 6 also emphasizes the importance of education and awareness in the broader conversation about mental health. Through carefully curated articles, workshops, and interactive sessions, the website serves as a dynamic educational tool, inviting users to deepen their understanding of mental health issues. This educational approach not only aids individuals in their personal journeys but also equips them with the knowledge to support others, amplifying the foundation\'s impact within communities.\r\n\r\nFoundation Sixty 6\'s dedication to creating a holistic support system is evident in its comprehensive approach to mental health care. By integrating therapeutic resources with community-based support and educational content, the website addresses the multifaceted needs of individuals facing mental challenges. This blend of services underscores the foundation\'s innovative approach to mental wellness, setting a new standard for online mental health platforms and reinforcing its role as a beacon of hope and healing.', 'Foundation Sixty 6 is a dedicated online platform focused on addressing the complexities of mental health challenges through a comprehensive and accessible approach. Founded on the principles of empathy, education, and empowerment, our mission is to provide a sanctuary for individuals seeking understanding, support, and resources for navigating mental wellness. Our website is crafted with the user\'s journey in mind, offering an intuitive interface that leads to a wealth of resources, personal stories, and professional insights aimed at fostering a sense of community and belonging.\r\n\r\nAt the heart of Foundation Sixty 6 is a commitment to breaking down the barriers that prevent individuals from seeking help and promoting mental health awareness. Through a combination of educational content, interactive workshops, and support systems, we strive to illuminate the path to recovery and resilience. Our platform is not just a resource but a beacon of hope for those feeling isolated by their experiences, offering a space where voices can be heard and healing can begin.\r\n\r\nEmbracing innovation and inclusivity, Foundation Sixty 6 seeks to redefine the approach to mental health care by making support more accessible and engaging. We believe in the power of shared experiences to inspire and heal, and our content is designed to reflect the diverse needs and stories of our community. Our vision is to create a world where mental health is openly discussed, and support is readily available, ensuring that no one has to face their challenges alone. Through Foundation Sixty 6, we invite individuals to join us in a movement towards a more compassionate and understanding society.'),
(7, 'PROJECT - FUNDRAISER CAMPAIGN', 'A sequence of posters made to express and tell the effect of our lives and our rights as humans.', '', 'fundraising-campaign-banner.png', 0, '\"I recently came across a compelling series of posters designed to reflect on the profound effects our lives and our rights have on our humanity, and I was deeply moved.\"', 'The poster series strikingly blends visual artistry with impactful narratives, offering a profound commentary on human rights and our interconnected existence. Each piece serves as a powerful reminder of the intrinsic value of understanding and upholding our collective rights, engaging viewers in a meaningful dialogue. The use of compelling imagery alongside thought-provoking messages creates a resonant experience that captivates and educates, emphasizing the importance of awareness and advocacy in shaping a more compassionate society. This artistic endeavor not only delights the eye but also stirs the soul, highlighting the pivotal role of art in championing human rights and fostering a sense of shared humanity.\r\n\r\nThe posters effectively encapsulate the essence of human rights, drawing attention to the diverse experiences that shape our existence. Through each meticulously crafted design, the series explores the nuances of freedom, dignity, and equality, inviting viewers to consider their own roles in promoting and protecting these fundamental values. The visual narratives woven throughout the collection serve as a bridge, connecting individuals from various backgrounds, and underscoring the universal relevance of human rights in our daily lives.\r\n\r\nThis artistic initiative stands as a testament to the power of visual communication in sparking conversation and inspiring change. The creators behind the posters have skillfully harnessed the language of art to highlight critical issues, seamlessly blending aesthetics with activism. As viewers engage with each piece, they are not only confronted with the beauty of the artwork but also compelled to reflect on the broader implications of the themes presented. The series ultimately acts as a catalyst for dialogue, encouraging a deeper engagement with the principles of human rights and the impact of our actions on the collective well-being.', '\r\nOur fundraiser, \"Art for Rights,\" is an inspired initiative aimed at harnessing the power of visual art to advocate for human rights and foster a deeper understanding of their impact on our lives. At the heart of this campaign lies a curated collection of posters, each telling a unique story of freedom, dignity, equality, and the interconnectedness of our human experience. \"Art for Rights\" is more than just a fundraiser; it\'s a movement towards illuminating the significance of our rights and the role each of us plays in upholding them within our communities.\r\n\r\nDriven by the belief that art has the extraordinary ability to open minds, provoke thought, and inspire action, we\'ve brought together artists and activists to create a series of compelling visuals. These pieces not only showcase the artists\' talents but also serve as a call to action, inviting viewers to engage with the vital issues of our time. The funds raised through this initiative will directly support organizations and projects committed to advancing human rights globally, providing resources where they are most needed to effect real change.\r\n\r\n\"Art for Rights\" seeks to create a platform where art and advocacy converge, offering an opportunity for individuals to contribute to a cause that impacts us all. By participating in this fundraiser, you\'re not just acquiring a piece of art; you\'re joining a community of like-minded individuals dedicated to making a difference. Our mission is to foster a world where everyone\'s rights are recognized and respected, and through \"Art for Rights,\" we invite you to be part of this transformative journey.'),
(8, 'PROJECT - FRAGMENTS', 'A brief view of how the video, Fragments of Reality was made.', '', 'fragments-banner.png', 0, '\"Fragments of Reality is a mesmerizing journey through the complexities of human emotion and perception, and discovering the behind-the-scenes process only deepened my appreciation for this masterpiece.\"', 'The making of \"Fragments of Reality\" showcases an intricate blend of innovative cinematography and cutting-edge visual effects, underpinned by a thoughtful narrative. This behind-the-scenes look reveals the meticulous care and creativity infused into every aspect of production, from conceptualization to the final cut. The filmmakers\' dedication to crafting an immersive experience highlights their commitment to not just tell a story, but to envelop the audience in a sensory journey that challenges perceptions and evokes deep emotional responses.\r\n\r\nDelving into the creative process behind \"Fragments of Reality,\" it\'s evident that the project was a labor of love and ambition. The team\'s use of a diverse range of filming techniques and technologies to explore complex themes of human consciousness demonstrates a bold approach to storytelling. This peek behind the curtain underscores the creators\' resolve to push the boundaries of traditional filmmaking, blending real-world footage with digital artistry to achieve a unique and captivating narrative landscape.\r\n\r\nThe collaboration between artists, technicians, and storytellers in creating \"Fragments of Reality\" exemplifies the power of collective creativity in overcoming challenges and achieving a shared vision. Each decision, from the nuanced sound design to the intricate visual layering, was meticulously made to enhance the viewer\'s engagement and understanding of the video\'s themes. This behind-the-scenes insight not only enriches the viewer\'s appreciation for the final piece but also serves as a testament to the perseverance and passion that drives innovative filmmaking.', '\r\nThe \"Behind the Scenes\" section of \"Fragments of Reality\" offers an exclusive glimpse into the intricate journey of creating this groundbreaking video. Here, we peel back the layers of its production, revealing the fusion of innovative cinematography, advanced visual effects, and a compelling narrative that defines the essence of this project. This section is dedicated to uncovering the meticulous processes, creative challenges, and collaborative efforts that transformed an ambitious concept into a captivating visual and auditory experience.\r\n\r\nIn this space, we delve into the filmmakers\' visionary approach, highlighting how their dedication to exploring the depths of human consciousness and emotion is brought to life through a unique blend of real-world footage and digital innovation. The \"Behind the Scenes\" narratives provide an in-depth look at the technical prowess, artistic passion, and unwavering commitment that fueled the project from its inception to completion. It\'s a testament to the power of collective creativity and the relentless pursuit of pushing narrative and visual boundaries.\r\n\r\nThis section not only serves as an educational resource for aspiring filmmakers and artists but also as an inspirational journey for anyone fascinated by the art of storytelling through film. By sharing the challenges overcome and the milestones achieved, we hope to inspire a deeper appreciation for the artistry involved in \"Fragments of Reality\" and to foster a greater understanding of the intricacies of creating meaningful and impactful visual narratives.'),
(9, 'PROJECT - MANGA API', 'A manga api webstore showing the works of Lumen Js and Backend API framework.', '', 'manga-api-banner.png', 0, '\"Discovering the manga API webstore showcasing Lumen Js and the Backend API framework was an absolute game-changer for the way I consume manga. The seamless integration of Lumen Js for the front end and a robust Backend API framework for handling data has created a user experience that is both smooth and intuitive.\"', '\r\nThe manga API webstore, while simple in design, offers a unique platform that beautifully showcases a wide array of manga works, leveraging the power of Lumen Js and an advanced Backend API framework. This simplicity does not compromise its functionality; instead, it enhances the user experience by making navigation straightforward and the discovery of new titles an enjoyable journey. The focus on a clean, user-friendly interface allows the true stars of the platform—the manga works—to shine, inviting users to explore genres and titles they might not have encountered otherwise.\r\n\r\nDespite its uncluttered design, the webstore packs a punch in terms of performance and responsiveness. The integration of Lumen Js ensures that the website operates smoothly, with quick transitions and updates that keep the content fresh without overwhelming users. The backend, powered by a robust API framework, handles data efficiently, ensuring that the latest manga additions and updates are readily available. This balance of simplicity and power provides a seamless browsing and reading experience, highlighting the webstore\'s commitment to quality and accessibility.\r\n\r\nThe creators of this webstore have masterfully demonstrated that complexity in design is not necessary for delivering a superior product. By focusing on what truly matters to manga enthusiasts—accessibility, performance, and content—the webstore stands out in the digital landscape. It\'s a testament to the effectiveness of using cutting-edge technologies like Lumen Js and the Backend API framework to create a platform that is both easy to use and rich in content. For fans of manga, this webstore offers a gateway to endless stories and adventures, all presented in a straightforward yet captivating manner.', 'The Manga API Webstore section is a testament to the seamless blend of simplicity and innovation, dedicated to providing manga enthusiasts with a unique and user-friendly platform for exploring a vast collection of manga titles. By leveraging the lightweight yet powerful capabilities of Lumen Js for the frontend and a robust Backend API framework for data management, this webstore stands as a pinnacle of digital manga distribution. It is designed with the user experience at its core, focusing on straightforward navigation and quick access to a wide range of manga works, from timeless classics to the latest releases.\r\n\r\nOur commitment to simplicity in design does not detract from the depth of functionality and performance. Instead, it enhances the browsing experience, allowing the rich and diverse content to take center stage. The webstore is optimized for speed and responsiveness, ensuring that users can enjoy their favorite manga without any hassle or delay. This approach has resulted in a platform that not only meets but exceeds the expectations of manga readers, offering a streamlined journey through the colorful and captivating world of manga.\r\n\r\nIn creating this section of the webstore, our goal was to celebrate the art of manga by making it accessible to a global audience in the most straightforward yet engaging way possible. We believe that the power of storytelling through manga should be easily accessible to everyone, and our platform is a reflection of this belief. With a focus on technology-driven solutions and a passion for manga, we invite users to dive into the endless stories and adventures that await in our carefully curated manga webstore.'),
(10, 'PROJECT - MOTHERSUN AND THE CAPTAIN', 'A video structure showcasing the work of a small family business for a mother and her family.', '', 'mothersun-banner.png', 0, '\"The video showcasing the journey and work of a small family business, led by a dedicated mother and her family, is nothing short of inspiring. From the moment it begins, you\'re drawn into the heartfelt story of resilience, hard work, and the power of family bonds in building a dream from the ground up.\"', '\r\nThe video expertly weaves together the personal and professional aspects of the small family business, creating a narrative that is both inspiring and relatable. It highlights the dedication of the mother at the helm, showcasing her leadership and the unwavering support of her family members. Through intimate interviews and behind-the-scenes footage, viewers gain insight into the challenges they face and the triumphs they celebrate, painting a vivid picture of the resilience required to run a family business.\r\n\r\nCinematography plays a crucial role in bringing the story of this family business to life, with every shot meticulously crafted to reflect the authenticity and hard work that goes into their daily operations. The visual storytelling complements the narrative, emphasizing the close-knit nature of the family and their collective commitment to their venture. The use of natural lighting and close-up shots creates a warm and inviting atmosphere, inviting viewers into the family\'s world and making the story even more engaging.\r\n\r\nThe impact of the video extends beyond its runtime, leaving a lasting impression on the audience about the value and importance of small family businesses. It not only celebrates the entrepreneurial spirit of the family but also highlights their contribution to the community and the economy. This showcase serves as a powerful testament to the strength of family bonds in overcoming business challenges, inspiring viewers to support local and family-run enterprises. The video is a heartfelt tribute to families everywhere who are working together to achieve their dreams.', 'This video is a captivating portrayal of a small family business, rooted deeply in the values of hard work, resilience, and the irreplaceable strength of family ties. At its heart is a dedicated mother, whose leadership and vision have steered her family through the complexities of running a successful venture together. The narrative delves into the journey of this remarkable family, showcasing the blend of personal sacrifice and collective effort that has shaped their business into a beacon of community and familial solidarity.\r\n\r\nThrough intimate storytelling and dynamic cinematography, the video invites viewers into the daily life of the family, revealing the challenges they navigate and the triumphs they share. It emphasizes the personal connections and emotional depth behind the business, highlighting the unique contributions of each family member. This inside look is designed to inspire, showing the tangible results of perseverance, teamwork, and the belief in a shared dream.\r\n\r\nA tribute to small family businesses everywhere, this video stands as a testament to the powerful impact of uniting family goals with entrepreneurial spirit. It\'s about more than just the success of a business; it\'s a celebration of the human stories and relationships that form its foundation. Through this visual journey, we aim to honor the dedication of families like these who contribute immeasurably to their communities and the broader economy, reminding us of the enduring value of family bonds in the pursuit of collective aspirations.'),
(11, 'PROJECT - CSL', 'My first ever self built website that has all my passion put in one single webpage to show my hobby as a car enthusiast. ', '', 'csl-banner.png', 0, '\"Discovering this self-built website dedicated to the world of car enthusiasm was an absolute delight. It\'s evident from the first click that a tremendous amount of passion and personal investment went into its creation.\"', 'The website\'s design immediately grabs attention with its vibrant visuals and intuitive navigation, reflecting the creator\'s dedication and passion for cars. Every page is a testament to the hours of meticulous work put into ensuring the site is not only aesthetically pleasing but also rich in content. The use of high-quality images of classic and modern cars alike, paired with engaging, well-researched articles, makes it a treasure trove for car enthusiasts.\r\n\r\nContent-wise, the website offers a diverse range of topics, from deep dives into the histories of iconic car models to reviews of the latest automotive technologies. The personal touch is palpable in each article, especially in sections that recount road trips and experiences at car shows, offering a unique perspective that is both informative and relatable. This personal approach adds depth to the website, inviting visitors to not only learn about cars but also to connect with the stories and passions behind them.\r\n\r\nThe site stands as an inspiring example of how individual passions can be transformed into engaging digital experiences. It\'s clear that this isn\'t just a website; it\'s a digital extension of the creator\'s life and love for cars, offering a space where like-minded individuals can explore, learn, and share their enthusiasm for the automotive world. This self-built website goes beyond being a hobby showcase—it\'s a vibrant community hub for car enthusiasts of all levels.', 'Welcome to my digital garage—a place where my lifelong passion for cars transforms into a vivid online experience. This website is the culmination of countless hours of dedication, driven by my deep-rooted love for everything automotive. From the sleek lines of classic sports cars to the cutting-edge technology of modern supercars, my enthusiasm spans the entire spectrum of the automotive world. Here, I share this passion through detailed articles, personal anecdotes from road trips, insights into car shows, and reviews that dive deep into the heart of automotive innovation.\r\n\r\nCrafted from the ground up, this website is not just a showcase of cars; it\'s a reflection of my journey as a car enthusiast. Every page, every article, and every image is a piece of a larger narrative that celebrates the art and science of automobiles. It\'s designed to be a space where fellow enthusiasts can come together to explore the past, present, and future of cars, learn about the intricacies that make each model unique, and share in the joys (and sometimes challenges) of car ownership and admiration.\r\n\r\nBeyond just a hobby site, this platform aims to be a community for like-minded individuals—a place where stories are shared, knowledge is exchanged, and the passion for cars unites us. Whether you\'re here to get a closer look at a classic model, stay up-to-date with the latest in automotive technology, or simply to enjoy the beauty of these mechanical marvels, you\'re in the right place. Dive into this automotive journey with me, and let\'s explore the fascinating world of cars together.'),
(12, 'PROJECT - STARWARS', 'A singular API file that fetches from the starwars api', '', 'starwars-banner.png', 0, '\"Exploring the singular API file designed to fetch data from the Star Wars API was an enthralling experience for any Star Wars aficionado or developer intrigued by the seamless integration of external data sources into applications. This API file stands out for its clarity, efficiency, and the developer\'s thoughtful consideration of user needs.\"', 'The API file is lauded for its exceptional clarity and structure, making it incredibly accessible for developers of all skill levels. It\'s designed with precision, allowing for easy navigation through the Star Wars API\'s extensive data sets, including characters, planets, and vehicles. This accessibility ensures that developers can quickly find and retrieve the information they need, enhancing the efficiency of their projects and applications. The thoughtfulness in its design speaks volumes about the developer\'s commitment to providing a seamless user experience.\r\n\r\nEfficiency is another standout feature of this API file. It employs optimized queries to fetch data, minimizing response times and resource usage. This not only improves the performance of applications utilizing this API but also makes it an exemplary model for how to interact with external APIs effectively. The ability to fetch a wide array of data with minimal overhead is particularly beneficial for applications that require real-time data updates or handle large volumes of requests.\r\n\r\nLastly, the API file serves as a bridge between Star Wars enthusiasts and the data they seek, demonstrating an impressive balance between technical prowess and a deep appreciation for the Star Wars universe. By facilitating easy access to detailed information about the saga\'s lore, it enriches fan-made projects, apps, and websites, contributing to the vibrant Star Wars fan community. The developer\'s understanding of both the narrative depth of Star Wars and the technical aspects of API integration culminates in a tool that is both powerful and passionately crafted.', '\r\nThis singular API file is a meticulously crafted tool designed to seamlessly fetch data from the extensive Star Wars API, serving as a vital resource for developers and Star Wars enthusiasts alike. Engineered with precision and a deep understanding of both the Star Wars universe and the intricacies of API design, it stands as a testament to the possibilities that arise when passion meets technology. The API file simplifies the complex process of data retrieval, providing streamlined access to a galaxy of information about characters, planets, starships, and more, all with the aim of enhancing applications and projects with rich, dynamic content.\r\n\r\nAt its core, this API file embodies the spirit of innovation and accessibility. It is built to cater to a wide range of development projects, from simple fan websites to complex applications requiring real-time data. The emphasis on clarity, efficiency, and performance ensures that developers can effortlessly integrate detailed Star Wars data, enriching their projects with the depth and excitement of one of the most beloved sagas in cinematic history.\r\n\r\nBeyond its technical capabilities, this API file is a bridge connecting the vast Star Wars fan community with the data they desire. It\'s about more than just making information accessible; it\'s about supporting and contributing to the fan projects, discussions, and creations that keep the Star Wars legacy alive and thriving. As a tool, it represents a convergence of data, design, and fandom, inviting developers and fans to explore the Star Wars universe in ways only limited by their imagination.');

-- --------------------------------------------------------

--
-- Table structure for table `services`
--

DROP TABLE IF EXISTS `services`;
CREATE TABLE IF NOT EXISTS `services` (
  `id` int NOT NULL AUTO_INCREMENT,
  `service_name` varchar(255) CHARACTER SET utf8mb4 COLLATE utf8mb4_unicode_ci NOT NULL,
  `description` text CHARACTER SET utf8mb4 COLLATE utf8mb4_unicode_ci NOT NULL,
  PRIMARY KEY (`id`)
) ENGINE=MyISAM AUTO_INCREMENT=2 DEFAULT CHARSET=utf8mb4 COLLATE=utf8mb4_unicode_ci;

--
-- Dumping data for table `services`
--

INSERT INTO `services` (`id`, `service_name`, `description`) VALUES
(1, '. Front-End Dev\r\n. Back-End Dev\r\n. UI/UX Design\r\n. Creative Development\r\n. 3D Modeling', 'these are my following skills/services i know how to work with.');

-- --------------------------------------------------------

--
-- Table structure for table `social_links`
--

DROP TABLE IF EXISTS `social_links`;
CREATE TABLE IF NOT EXISTS `social_links` (
  `id` int NOT NULL AUTO_INCREMENT,
  `platform` varchar(50) CHARACTER SET utf8mb4 COLLATE utf8mb4_unicode_ci NOT NULL,
  `url` varchar(50) CHARACTER SET utf8mb4 COLLATE utf8mb4_unicode_ci NOT NULL,
  `user_id` int NOT NULL,
  PRIMARY KEY (`id`)
) ENGINE=MyISAM AUTO_INCREMENT=2 DEFAULT CHARSET=utf8mb4 COLLATE=utf8mb4_unicode_ci;

--
-- Dumping data for table `social_links`
--

INSERT INTO `social_links` (`id`, `platform`, `url`, `user_id`) VALUES
(1, 'instagram, twitter, linkedin', 'https://www.instagram.com/ ; https://twitter.com/?', 0);

-- --------------------------------------------------------

--
-- Table structure for table `toolbox`
--

DROP TABLE IF EXISTS `toolbox`;
CREATE TABLE IF NOT EXISTS `toolbox` (
  `id` int NOT NULL AUTO_INCREMENT,
  `toolbox_name` varchar(255) CHARACTER SET utf8mb4 COLLATE utf8mb4_unicode_ci NOT NULL,
  `description` text CHARACTER SET utf8mb4 COLLATE utf8mb4_unicode_ci NOT NULL,
  PRIMARY KEY (`id`)
) ENGINE=MyISAM AUTO_INCREMENT=2 DEFAULT CHARSET=utf8mb4 COLLATE=utf8mb4_unicode_ci;

--
-- Dumping data for table `toolbox`
--

INSERT INTO `toolbox` (`id`, `toolbox_name`, `description`) VALUES
(1, 'HTML\r\nCSS\r\nSCSS\r\nJS\r\nMYSQL\r\nADOBE SUITE', '(\'HTML\', \'HyperText Markup Language\'),\r\n(\'CSS\', \'Cascading Style Sheets\'),\r\n(\'SCSS\', \'Sass (Syntactically Awesome Stylesheets)\'),\r\n(\'JS\', \'JavaScript\'),\r\n(\'MYSQL\', \'MySQL Database\'),\r\n(\'ADOBE SUITE\', \'Adobe Creative Suite\');');
COMMIT;

/*!40101 SET CHARACTER_SET_CLIENT=@OLD_CHARACTER_SET_CLIENT */;
/*!40101 SET CHARACTER_SET_RESULTS=@OLD_CHARACTER_SET_RESULTS */;
/*!40101 SET COLLATION_CONNECTION=@OLD_COLLATION_CONNECTION */;
